son_original,fichier_mp3
a,a-38d03b73c63e.mp3
e,e-fd225b0308e8.mp3
é,e-9ff6a27405e3.mp3
i,i-125ee9a03920.mp3
o,o-6d28aae88c48.mp3
u,u-f0c099aca4b1.mp3
ac,ac-80f2764a6ab9.mp3
al,al-76b3c3dcef34.mp3
am,am-e877c9dfca80.mp3
an,an-0db1f57801c5.mp3
ar,ar-fc6febd16747.mp3
au,au-904ab3b95294.mp3
ba,ba-f1191382c9bd.mp3
be,be-8413248422b9.mp3
bé,be-70353090eaa7.mp3
bi,bi-53ba99de3652.mp3
bo,bo-42321b1649ce.mp3
bu,bu-167b087d85cc.mp3
by,by-5d1296f622f2.mp3
ca,ca-bfd9b27d0e08.mp3
ça,ca-6409a4fc9de0.mp3
ce,ce-13ad3c639e5e.mp3
ci,ci-c61cc79dc1ad.mp3
co,co-28b4f9b053a2.mp3
ço,co-cf035a165828.mp3
cu,cu-751397b2fb08.mp3
çu,cu-479c4e5fb5e5.mp3
da,da-ccb39230e572.mp3
de,de-8deabbb18302.mp3
dé,de-b5af499e81db.mp3
di,di-7cc6b412a6fe.mp3
do,do-da727006702c.mp3
du,du-a75dd77a75a1.mp3
ël,el-1f38d52a0185.mp3
em,em-93e3edfef303.mp3
eu,eu-9abfe65ac72f.mp3
fa,fa-f040305acf37.mp3
fe,fe-3c43d198a1a2.mp3
fé,fe-f9b5858e378c.mp3
fi,fi-ca0d1169851f.mp3
fo,fo-9aec60612d40.mp3
fu,fu-10ee955e77c1.mp3
ga,ga-4acd470b53df.mp3
ge,ge-f50e9a9ba6e0.mp3
gi,gi-3a78b484474a.mp3
go,go-c99494762619.mp3
gu,gu-356d70028701.mp3
il,il-743c1670cc5a.mp3
im,im-2671bdb8a660.mp3
in,in-4dc91646ecb5.mp3
ir,ir-6b94b355f85d.mp3
ja,ja-6c74a16cc370.mp3
je,je-3f7095fc4422.mp3
jé,je-386270ca557f.mp3
ji,ji-43c8bd6f7dbc.mp3
jo,jo-19246c02155c.mp3
ju,ju-81d5570f8559.mp3
ké,ke-4e078bfd10b3.mp3
ko,ko-fde1e353b81c.mp3
ku,ku-d690b2650814.mp3
la,la-56422c573255.mp3
le,le-eae92d0ff569.mp3
lé,le-e3b525954f70.mp3
li,li-c7a01ce74184.mp3
lo,lo-cf4cf701ad53.mp3
lu,lu-cd499590b488.mp3
ly,ly-800f01e116c8.mp3
ma,ma-75dcef9593aa.mp3
me,me-3563284ea40e.mp3
mé,me-bf2826b58d67.mp3
mè,me-e0cad98819c4.mp3
mi,mi-9dedd33ea591.mp3
mo,mo-14a8183e4f67.mp3
mu,mu-9070a02f41ac.mp3
my,my-3db1b9e46422.mp3
na,na-50449ae024eb.mp3
ne,ne-9c5ecfe33e60.mp3
né,ne-dd19e7c05e2d.mp3
nê,ne-69b16536795f.mp3
ni,ni-40300dc83bcb.mp3
no,no-aeacbb04104e.mp3
nu,nu-54c17dd10cdc.mp3
ol,ol-d4dc7bb71aa3.mp3
om,om-d221254666e2.mp3
on,on-0dca568e5c47.mp3
or,or-513ce7f32532.mp3
pa,pa-61f10e36b485.mp3
pe,pe-f8c0d707e895.mp3
pé,pe-31f317b2edd8.mp3
pê,pe-26293015aa6d.mp3
pi,pi-941c1f2df6d6.mp3
po,po-99d67fd2560d.mp3
pu,pu-ec42d5c81e3d.mp3
py,py-7a23e8243cb8.mp3
ra,ra-dcc29dbf1f95.mp3
re,re-144b379e8d4e.mp3
ré,re-21587ee29e95.mp3
rè,re-e37d640b958b.mp3
ri,ri-ea7385eda8b3.mp3
ro,ro-f34e85c5faf3.mp3
ru,ru-a4ff9d128f98.mp3
ry,ry-1c0f4088082c.mp3
sa,sa-a614aa4a8fee.mp3
se,se-824142271783.mp3
sé,se-6f6cedbdb67c.mp3
si,si-9b630cac2750.mp3
so,so-713840cb3e1a.mp3
su,su-2b7e287fc089.mp3
sy,sy-9176fdb391ee.mp3
ta,ta-e955b936db16.mp3
te,te-8c181b0ea75a.mp3
té,te-ff8778958de5.mp3
tê,te-bb60001c1bdc.mp3
ti,ti-dd5984848705.mp3
to,to-55bfd3b4cd98.mp3
tu,tu-8c5e46c6517f.mp3
ty,ty-a6d4c5f023f8.mp3
ul,ul-ff7679bee8af.mp3
un,un-5c5353643e87.mp3
ur,ur-8ea775c7b6bf.mp3
va,va-8f79834a101d.mp3
ve,ve-9fc33f74e954.mp3
vé,ve-80a9f85fcd7c.mp3
vi,vi-928611b186ed.mp3
vo,vo-4e1766201f20.mp3
vu,vu-d04c59e07ac1.mp3
za,za-994b8c49084d.mp3
ze,ze-af8b63b23a36.mp3
zé,ze-c09b751f9436.mp3
zi,zi-bd2b3d00cbea.mp3
zo,zo-72febf740356.mp3
zu,zu-d728bcbf5cbd.mp3
ami,ami-f950e6661aab.mp3
ane,ane-6bd8a5e38b4b.mp3
ban,ban-c50ffab93094.mp3
bar,bar-eaa1b743a931.mp3
bec,bec-ed32e1f691a2.mp3
bla,bla-18e20efb8de0.mp3
ble,ble-c3683b17717c.mp3
blo,blo-a3a69fe9aee3.mp3
boi,boi-f9cfddc13720.mp3
bol,bol-53488780e995.mp3
bou,bou-13c1c6bdafbc.mp3
bra,bra-80209e84ec2d.mp3
bre,bre-470199c9dd38.mp3
bro,bro-b534e9fc1d89.mp3
çai,cai-8f06225ae491.mp3
cen,cen-62821000086e.mp3
cha,cha-b5064c84e992.mp3
che,che-c65a38496e01.mp3
ché,che-3b03a7dd7d2b.mp3
chè,che-0d5b5eecf964.mp3
chi,chi-9263580b105a.mp3
cho,cho-642c91c2a939.mp3
chu,chu-55f1911b83ad.mp3
clé,cle-e80661a49bd5.mp3
cre,cre-480de23ba431.mp3
cui,cui-0bc46daf0a53.mp3
des,des-b438b3bb2837.mp3
deu,deu-bd4abf0a5517.mp3
dix,dix-b3222c323d92.mp3
dou,dou-f75077e498e7.mp3
dra,dra-95d78bfc9380.mp3
dre,dre-19f72d0c264d.mp3
éma,ema-67ed97f6ef01.mp3
est,est-a9ee569b8980.mp3
fer,fer-44cd7db7bea3.mp3
feu,feu-7692e491dad4.mp3
fil,fil-dfc057678317.mp3
fin,fin-3cfa232a8ed2.mp3
foi,foi-b80466a17b11.mp3
fou,fou-e5a16a87bcf3.mp3
fui,fui-8587d9e79328.mp3
gar,gar-63be7064fef8.mp3
gau,gau-50e86252ff24.mp3
gel,gel-6b8e91b6d031.mp3
gen,gen-61bffc126a55.mp3
gla,gla-280b3854b6f5.mp3
gli,gli-aff9745e3261.mp3
gna,gna-a234751cca91.mp3
gne,gne-fe6f39f96f2b.mp3
gné,gne-6b702454afc3.mp3
gni,gni-5f21ff92f2c2.mp3
gno,gno-683d68803d8c.mp3
gnu,gnu-d5dc8c49df99.mp3
gou,gou-f24fcb163b3b.mp3
gra,gra-6a9d4ae4cd51.mp3
gri,gri-53222e3deec6.mp3
gue,gue-7194d4c532c6.mp3
gué,gue-feef25b79889.mp3
guê,gue-e145733e202b.mp3
gui,gui-3b7810b0f66e.mp3
imu,imu-92286a078c6b.mp3
ina,ina-1357a4afa7f7.mp3
jeu,jeu-138ece8e0a8b.mp3
jou,jou-6f12f9b4b25e.mp3
lai,lai-4076b9001f46.mp3
lar,lar-bb5fdb05d191.mp3
les,les-2021f1e20707.mp3
leu,leu-00248a800746.mp3
lin,lin-67a09a7d89c8.mp3
loi,loi-0886cd033737.mp3
lou,lou-bf5ea773ee98.mp3
lui,lui-34abbb141aa4.mp3
lun,lun-e8c865d97e20.mp3
mai,mai-e7b9037a8f09.mp3
men,men-74cab5f365ef.mp3
mer,mer-0591c9414c64.mp3
mes,mes-55699ee951c8.mp3
meu,meu-b572de1081f1.mp3
moi,moi-45dd53b83ec5.mp3
mon,mon-fdb8181d0d74.mp3
mou,mou-3bbdf06d2073.mp3
nou,nou-228b4246e93c.mp3
nui,nui-e918dc6506db.mp3
ome,ome-118b7c047d4e.mp3
onu,onu-5e1007825441.mp3
pei,pei-9aa0cc4168f9.mp3
pes,pes-9ed46547e85d.mp3
pha,pha-d30653acf96a.mp3
phe,phe-6272640e41a0.mp3
phé,phe-428e512e942b.mp3
pho,pho-d5decbe4ca0a.mp3
phy,phy-a589f0a2ec4c.mp3
pin,pin-54fdcbf620e3.mp3
pla,pla-0e530c2c5672.mp3
ple,ple-d79bff989f7b.mp3
pou,pou-a7015355c677.mp3
pra,pra-5b2d0bd733c2.mp3
pré,pre-9844d2b0697a.mp3
pro,pro-585d6a8d87f6.mp3
psy,psy-debe8a2fb4e1.mp3
qua,qua-99d0a3a69886.mp3
que,que-5881fddc50f3.mp3
qui,qui-7415448b7bff.mp3
rai,rai-3c8cdb301ae6.mp3
res,res-2d24bbce7518.mp3
rhu,rhu-b2f4910737e4.mp3
roi,roi-d1da02198c8e.mp3
rou,rou-8b847981f61d.mp3
sec,sec-504f6f4002b0.mp3
sei,sei-818170e29f1b.mp3
ses,ses-be44e007a203.mp3
sho,sho-bc15aa71d0fa.mp3
six,six-49f4842e0a35.mp3
soi,soi-f5ce117f8670.mp3
son,son-21741d85add7.mp3
sou,sou-fd0a0fe1124e.mp3
sty,sty-49ea6631fbf8.mp3
tes,tes-b075fc47d34a.mp3
thé,the-985a5ada7e96.mp3
tin,tin-6760f8f3b933.mp3
ton,ton-a9dd81c19fb3.mp3
tôt,tot-e94bfe1f0362.mp3
tou,tou-8cb8081e0622.mp3
tra,tra-5a700938b652.mp3
tre,tre-c806ab1639f7.mp3
tui,tui-f929f68c2901.mp3
une,une-62ae2649c4ef.mp3
uni,uni-beb52f571c94.mp3
vau,vau-fa17db472c77.mp3
vei,vei-70ea5f5c4b23.mp3
ven,ven-391e289f185e.mp3
ver,ver-bf15fbeef7d5.mp3
ves,ves-60669b6f2ed9.mp3
veu,veu-9afc49f2451f.mp3
vou,vou-0610cbec5b58.mp3
vre,vre-b449f6b85875.mp3
zen,zen-719366cbd4aa.mp3
zou,zou-3f84bc685fc4.mp3
août,aout-728e87f7c1b3.mp3
bana,bana-2ba06a7f971f.mp3
bave,bave-8bb177e8c605.mp3
bébé,bebe-8c25d39747da.mp3
bleu,bleu-64096c0d0fd9.mp3
bras,bras-057fc49a3286.mp3
brui,brui-2116c0384439.mp3
brun,brun-367cc6a46101.mp3
cane,cane-9f6c1cdb5a3a.mp3
ceau,ceau-d7d4defbb434.mp3
chau,chau-d8af187ad9af.mp3
choi,choi-9deeb68f9d7f.mp3
chou,chou-b415aa1e4683.mp3
coin,coin-308a7c4d6190.mp3
date,date-152ca96057b6.mp3
deau,deau-413cfe07f24b.mp3
déjà,deja-20fddce86198.mp3
deux,deux-fa5a00019e85.mp3
doré,dore-087e2610bb6a.mp3
drap,drap-52b9faeb3a20.mp3
euro,euro-a870779a68f8.mp3
fini,fini-9de379d409ee.mp3
four,four-4c02e1e14558.mp3
frui,frui-3aeed7c5dc45.mp3
geai,geai-a65e18f4df99.mp3
gean,gean-1acc1816ad2d.mp3
geon,geon-e245c25862fa.mp3
gère,gere-195aa492e911.mp3
hier,hier-c82892d31b90.mp3
huit,huit-f5ae1d082d9d.mp3
jeté,jete-358dbacd9d2f.mp3
join,join-0fa6f6a22a23.mp3
joli,joli-00ced91d987f.mp3
jour,jour-80fa4d463c3b.mp3
jupe,jupe-84a649b9fb91.mp3
l'or,l-or-50787084717a.mp3
lave,lave-061130b86e11.mp3
lavé,lave-0e3d7d3007eb.mp3
leur,leur-9ecde47a0145.mp3
line,line-12cbe554b8b3.mp3
lire,lire-9fb2147425f5.mp3
loin,loin-d596d19101e3.mp3
lune,lune-9a7014000bd9.mp3
menu,menu-d5cf6c750834.mp3
midi,midi-fb7afe9f3b6d.mp3
mini,mini-4d57255362d7.mp3
moin,moin-31e877092bad.mp3
mono,mono-90cc27308859.mp3
moto,moto-79b9f9c60116.mp3
neuf,neuf-9826aea59401.mp3
Noël,noel-8a6116e52eb7.mp3
noir,noir-c2ca2bbdd30a.mp3
oeuf,oeuf-37f40e066c53.mp3
onze,onze-12186939f8de.mp3
pavé,pave-231d50eb7258.mp3
peau,peau-ed8ecebc33df.mp3
peur,peur-565b6e329138.mp3
phan,phan-bce67f804508.mp3
phin,phin-ffee203c1d5a.mp3
phra,phra-b74838bf3f8a.mp3
pile,pile-369669ecd7ee.mp3
pleu,pleu-c4c571f33c13.mp3
plui,plui-bd1319d54cf0.mp3
poin,poin-014d1ccb6ad8.mp3
rive,rive-65c02bc84d4d.mp3
robe,robe-316e1c7b7454.mp3
salé,sale-61b39e1740b5.mp3
sali,sali-f3223858c8ae.mp3
seau,seau-040fd8040764.mp3
shan,shan-b180ee3dce62.mp3
soin,soin-bd945604ef1f.mp3
soir,soir-3a7f1de980da.mp3
soni,soni-b26420e92140.mp3
teau,teau-8f24aaf60675.mp3
télé,tele-7c1cb10cd5b9.mp3
teur,teur-a42b5c9b314d.mp3
thon,thon-8c6d9d017ce7.mp3
tino,tino-ba21f41fb8aa.mp3
tone,tone-12afec1e022e.mp3
tram,tram-07644bbcdaa8.mp3
trei,trei-fd8e0318e84a.mp3
vélo,velo-d92a6736caee.mp3
veni,veni-718472ff6a70.mp3
voir,voir-bd84a0d9debe.mp3
vole,vole-99f4999ffb2c.mp3
vrai,vrai-1ca1449ed1b1.mp3
zéro,zero-5be69be86a92.mp3
zone,zone-8d0f119f1ad8.mp3
aïe !,aie-e4bc6961b7f5.mp3
arbre,arbre-376674ffec30.mp3
bâtir,batir-8dd138154a5d.mp3
bazar,bazar-950ddd1491ba.mp3
belle,belle-abdbc58d86a5.mp3
bijou,bijou-115f4671839a.mp3
boeuf,boeuf-04162eba7d08.mp3
brune,brune-9aae593d2056.mp3
c'est,c-est-07a41c788d9e.mp3
coeur,coeur-91552cd2daf8.mp3
cuire,cuire-0cdf75515243.mp3
d'hui,d-hui-1357772ae64e.mp3
dette,dette-f52f1706fe5a.mp3
douze,douze-da8292f4a68d.mp3
fiche,fiche-5dab38fb125b.mp3
foule,foule-b993b55853f3.mp3
fumer,fumer-6cda4eb9ad78.mp3
Haïti,haiti-e49a6e72a809.mp3
Hawaï,hawai-f961efdfb08c.mp3
il va,il-va-9cd529170220.mp3
jeudi,jeudi-0e3f7e7b4de3.mp3
jouer,jouer-91e63e301b86.mp3
ligne,ligne-2d48060cb435.mp3
lundi,lundi-3f53f4c08758.mp3
mardi,mardi-502229dad202.mp3
Melun,melun-2b7d7f00686d.mp3
messe,messe-efa455e8d7da.mp3
mille,mille-d10fdb1b62e8.mp3
moine,moine-01d6463c28fb.mp3
moins,moins-817096623926.mp3
parle,parle-ddf5059e70b8.mp3
parti,parti-c551dcc0027e.mp3
payer,payer-8c84506d7078.mp3
pelle,pelle-d39d73cca828.mp3
poche,poche-1143d7d3a699.mp3
roule,roule-37a6511f0793.mp3
seize,seize-be2497177bfe.mp3
signe,signe-4905b377cdcf.mp3
soeur,soeur-be39c41191c1.mp3
tache,tache-dd2e064f93e1.mp3
tapis,tapis-8e277b21b27c.mp3
tarte,tarte-c16024b4b20d.mp3
terre,terre-607f5ad89d4b.mp3
tirez,tirez-2d15d5b85679.mp3
toine,toine-274fb1066f16.mp3
trois,trois-f4ecd345820c.mp3
un dé,un-de-3ac877c49de7.mp3
vache,vache-def2a5d2d134.mp3
vigne,vigne-a49b8634c6e8.mp3
vingt,vingt-bdfc613bc682.mp3
vitre,vitre-643f8520df0c.mp3
voilà,voila-0e7f8d605cd9.mp3
à 15 h,a-15-h-015aa32acb7f.mp3
à coté,a-cote-a2715930df78.mp3
affolé,affole-1035e272ea7b.mp3
banane,banane-68d8b8ba5177.mp3
bouche,bouche-a276e1720501.mp3
cheffe,cheffe-42c04df5c85e.mp3
cheval,cheval-65e28b0e1726.mp3
danger,danger-97f4f540a0fb.mp3
dessus,dessus-b3b82e811f7b.mp3
douche,douche-a997d16580d7.mp3
dresse,dresse-72c737ec7710.mp3
du fil,du-fil-a8e8538e9b83.mp3
du gaz,du-gaz-e3f030fb8cac.mp3
du thé,du-the-5574a32a9657.mp3
Europe,europe-c670f0c3f008.mp3
feutre,feutre-c2364a0930c8.mp3
foudre,foudre-1689b12f1fcf.mp3
fourmi,fourmi-b92eb982c74a.mp3
il est,il-est-acde272f91ef.mp3
il lit,il-lit-fc9575793056.mp3
il rit,il-rit-3ab22fef0381.mp3
l'ouïe,l-ouie-3f6cb0e5faa3.mp3
la mer,la-mer-1fd79400dc73.mp3
la rue,la-rue-d6e688ec8788.mp3
la vie,la-vie-0448d6e2d821.mp3
là-bas,la-bas-a37eac4791b6.mp3
lavabo,lavabo-9985f234022b.mp3
le bar,le-bar-faceb8729581.mp3
le bec,le-bec-375b3dab72a1.mp3
le fil,le-fil-a5a2641a6211.mp3
le lit,le-lit-b8ea9e9bbed4.mp3
le lot,le-lot-93c1dd93138c.mp3
le mur,le-mur-d8c12bcc8cb7.mp3
le nez,le-nez-14620c3c4032.mp3
le rat,le-rat-eebd13341e07.mp3
le riz,le-riz-42fff9de120d.mp3
le rot,le-rot-7d997354380e.mp3
le sol,le-sol-b566206975d0.mp3
les WC,les-wc-c845183efcd6.mp3
lettre,lettre-c2b649a759df.mp3
lézard,lezard-8ae06c414193.mp3
malade,malade-b1da60d03d60.mp3
marche,marche-65a37b1c91c4.mp3
minute,minute-39e1e8fb1fc7.mp3
mouche,mouche-6a6b3fec83c5.mp3
nature,nature-a386a7d95c8d.mp3
notant,notant-03ace854c7a6.mp3
numéro,numero-d8aade1a15f7.mp3
offrir,offrir-aa3b8e415491.mp3
parler,parler-f0173bc0b50d.mp3
plutôt,plutot-383b6df33c30.mp3
quatre,quatre-35b65d901062.mp3
quinze,quinze-85111c78de17.mp3
samedi,samedi-5018fcb05666.mp3
signal,signal-98a2278293a6.mp3
tomate,tomate-bc4096927e4f.mp3
treize,treize-84017e635398.mp3
un bar,un-bar-8502fb030133.mp3
un bol,un-bol-eae9f6a78065.mp3
un bus,un-bus-50407b11a2fc.mp3
un feu,un-feu-8fb4bf7d41ce.mp3
un fil,un-fil-7f26627b2ae6.mp3
un jeu,un-jeu-62efec307f65.mp3
un mur,un-mur-b0af1108edb3.mp3
un œil,un-oeil-25c39b977bb0.mp3
un pro,un-pro-1d86a8cd1eda.mp3
un psy,un-psy-cf94f88c49e0.mp3
un sac,un-sac-77ee6bd9f509.mp3
un van,un-van-9952393e2457.mp3
un zip,un-zip-69295d967b30.mp3
un zoo,un-zoo-25b812ea998f.mp3
Antoine,antoine-34989c62f0a9.mp3
appuyer,appuyer-6059468a0583.mp3
arbitre,arbitre-a435b7885c71.mp3
arroser,arroser-2f8430787fc7.mp3
balayer,balayer-55164af399af.mp3
bonjour,bonjour-9dbdf018155a.mp3
bonsoir,bonsoir-fa3be9a75339.mp3
chorizo,chorizo-06680902dd24.mp3
combien,combien-6f5013804aab.mp3
compter,compter-df309b903082.mp3
courant,courant-1d83a1312ecb.mp3
dessous,dessous-319e45f8007c.mp3
du café,du-cafe-2ead2b305075.mp3
du cash,du-cash-258a85c51ac5.mp3
du maïs,du-mais-a313ffc31fa8.mp3
du miel,du-miel-4d5cfcfa5bb4.mp3
du pain,du-pain-eb369b4e04d2.mp3
du thym,du-thym-e9e5ca683a19.mp3
envoyer,envoyer-de91464cf7b0.mp3
évident,evident-8734631f6abc.mp3
frapper,frapper-436e0ba1b0b8.mp3
il a eu,il-a-eu-96d3ada5df8b.mp3
il bave,il-bave-3d02b33016d3.mp3
il dort,il-dort-c8eddd2ba8eb.mp3
il fixe,il-fixe-247af3e4ddb0.mp3
il joue,il-joue-7ad22823e23a.mp3
il lave,il-lave-eef6a29e8742.mp3
il plie,il-plie-9c8de0246bc7.mp3
il rame,il-rame-a5fef7daaf60.mp3
il vole,il-vole-90663313eabc.mp3
je fume,je-fume-651ba4c60056.mp3
journal,journal-3916a2103873.mp3
l'heure,l-heure-f49bf27e766d.mp3
l'index,l-index-b60e8e3aa59b.mp3
la boue,la-boue-2d67be86f7b4.mp3
la boxe,la-boxe-f14b2ef8a87e.mp3
la date,la-date-7a780a4ad0fe.mp3
la gare,la-gare-5fcd60c0b453.mp3
la jupe,la-jupe-9137649509be.mp3
la lune,la-lune-557cc91a51de.mp3
la nuit,la-nuit-472ba6bf9e8f.mp3
la peau,la-peau-dc4c700b8bbe.mp3
la rame,la-rame-822d3443b86f.mp3
la robe,la-robe-d0b1f8141e9c.mp3
la tête,la-tete-10e6cf7ddc85.mp3
le café,le-cafe-caa668350e17.mp3
le chef,le-chef-7119fcca069c.mp3
le ciel,le-ciel-56ef7c1a9a85.mp3
le coin,le-coin-1785b3181823.mp3
le foot,le-foot-a2e43d30e8a4.mp3
le jour,le-jour-ba8f45e71914.mp3
le judo,le-judo-52696a07f2dc.mp3
le jury,le-jury-9bb8c491e553.mp3
le luxe,le-luxe-7c3157009b86.mp3
le menu,le-menu-510c66b1dcae.mp3
le mien,le-mien-11ad2d6bf3ef.mp3
le port,le-port-741c20660dde.mp3
le prix,le-prix-96b093afc894.mp3
le rire,le-rire-e81a70406cb7.mp3
le soin,le-soin-92fc7f7264ee.mp3
le tien,le-tien-eb5a11233b63.mp3
le vent,le-vent-b34277d522f9.mp3
le wifi,le-wifi-64c83045b3dd.mp3
le yoga,le-yoga-8d2de551b6f0.mp3
marcher,marcher-819f0c6ef577.mp3
matelas,matelas-fb2838cdc85a.mp3
Mayotte,mayotte-47f32c5e8d10.mp3
méchant,mechant-f9635dfa30f7.mp3
patient,patient-fc459a33953e.mp3
poussez,poussez-51ef124cc5c6.mp3
prudent,prudent-74d14f314ac5.mp3
un bain,un-bain-671fca896bb5.mp3
un bébé,un-bebe-99acdee14274.mp3
un bras,un-bras-e2ade0115687.mp3
un café,un-cafe-4ee05d87ea0c.mp3
un chat,un-chat-1c15aa18071f.mp3
un chou,un-chou-3c1f75bdb496.mp3
un drap,un-drap-a0ada2a8b93d.mp3
un euro,un-euro-8ff01f55aed1.mp3
un four,un-four-2075964a9540.mp3
un jean,un-jean-01e0e8081db2.mp3
un kilo,un-kilo-f819bf0a0c39.mp3
un kiwi,un-kiwi-20573ba97058.mp3
un oeil,un-oeil-9f144fd7d6fd.mp3
un oeuf,un-oeuf-6388c1cc0bad.mp3
un paon,un-paon-0e410ba657c8.mp3
un papy,un-papy-9487fe493b32.mp3
un pavé,un-pave-0716381e5394.mp3
un pays,un-pays-525a3fcab0d0.mp3
un plat,un-plat-9ad3c976efbb.mp3
un pneu,un-pneu-1f00fa4c00f9.mp3
un pull,un-pull-17271c89f60b.mp3
un quad,un-quad-431ae6a2bf8e.mp3
un seau,un-seau-7bed844a9b5a.mp3
un taxi,un-taxi-4c50cbf4c24a.mp3
un test,un-test-e0192918c413.mp3
un toit,un-toit-8326ca5b1678.mp3
un tram,un-tram-547b6d6705a1.mp3
un trou,un-trou-3af291681a83.mp3
un tube,un-tube-d1b4e55d5108.mp3
un vélo,un-velo-8b8cccaf20a8.mp3
un zoom,un-zoom-ae58fa97f014.mp3
une psy,une-psy-f7e13669d983.mp3
une rue,une-rue-3df923caaca3.mp3
une vis,une-vis-54ff748df521.mp3
voyager,voyager-c2d4ada109ad.mp3
à droite,a-droite-1cd5b6bfdeda.mp3
à gauche,a-gauche-7691e64d06de.mp3
accepter,accepter-07b0c230f5ac.mp3
acquérir,acquerir-6c02a67761d5.mp3
chercher,chercher-cd5c982486ae.mp3
conduire,conduire-c0a57f1bdee6.mp3
coopérer,cooperer-12c82fc026cc.mp3
cueillir,cueillir-b6276e839dd6.mp3
cuisiner,cuisiner-87fda7a2b07b.mp3
de l'ail,de-l-ail-35351aa85bc0.mp3
de l'eau,de-l-eau-acf68f3cb863.mp3
des clés,des-cles-5fd8abef0186.mp3
des fans,des-fans-df545a9e2dd3.mp3
dimanche,dimanche-569cec9c4001.mp3
du béton,du-beton-7483e091bc0b.mp3
du boeuf,du-boeuf-62e4210e3575.mp3
du bruit,du-bruit-2d7b07775879.mp3
du savon,du-savon-3737f88f1666.mp3
du sucre,du-sucre-e84f7ea66644.mp3
du tissu,du-tissu-d0d76ce5de51.mp3
elle est,elle-est-14791a26bb41.mp3
ensemble,ensemble-9c4b847b8eb7.mp3
éteindre,eteindre-8772199c0bad.mp3
il a mal,il-a-mal-5fbb22aff18e.mp3
il coupe,il-coupe-fd7d2d4b295c.mp3
il filme,il-filme-64ba7f322fa1.mp3
il parle,il-parle-896bc0418d5b.mp3
il pleut,il-pleut-cd2da8ee1134.mp3
il roule,il-roule-347e1b779064.mp3
il zappe,il-zappe-f6c753184759.mp3
interdit,interdit-8fac27952bca.mp3
internet,internet-0aaffcd26b09.mp3
je jette,je-jette-c56161386f28.mp3
l'Europe,l-europe-91642a6f7e24.mp3
la barbe,la-barbe-af4ef3f42a9d.mp3
la Chine,la-chine-2e779149b42f.mp3
la foule,la-foule-4c6e515c799b.mp3
la fumée,la-fumee-263a9798def9.mp3
la Libye,la-libye-b9e48cc1647c.mp3
La Poste,la-poste-15ec14840cfa.mp3
la purée,la-puree-b8b2dbf8648c.mp3
la soupe,la-soupe-680d833d50ed.mp3
la terre,la-terre-f211407fe0b3.mp3
la vigne,la-vigne-41b33d3120f6.mp3
le bazar,le-bazar-1413d6de9af8.mp3
le coeur,le-coeur-0603410d52a4.mp3
le genou,le-genou-3a854a27dcf5.mp3
le Japon,le-japon-0338c0c9814d.mp3
le matin,le-matin-40f743f205d3.mp3
le poids,le-poids-2fb26ff18428.mp3
le poing,le-poing-1f9deed76e86.mp3
le reste,le-reste-edf77c8e102a.mp3
le rugby,le-rugby-a8ab5af17b58.mp3
le tabac,le-tabac-27b53bdbb686.mp3
le temps,le-temps-dce96fab32be.mp3
le trône,le-trone-c99f3e209ea3.mp3
les yeux,les-yeux-085e9594253b.mp3
ma soeur,ma-soeur-6db3f688c16b.mp3
mercredi,mercredi-923d9bd9abcd.mp3
monsieur,monsieur-d5c4f1636aa9.mp3
nettoyer,nettoyer-c0a691627040.mp3
pourquoi,pourquoi-cb6ad39cdf5d.mp3
quatorze,quatorze-90b834086c1d.mp3
soixante,soixante-ad25dde12f1b.mp3
souligne,souligne-f8463b9355e3.mp3
tu as eu,tu-as-eu-dfd9b60ef31e.mp3
un accès,un-acces-8a219731c6d4.mp3
un achat,un-achat-a8d3a43c96b3.mp3
un album,un-album-f9c3e615001f.mp3
un arbre,un-arbre-c53027dcb37c.mp3
un arrêt,un-arret-0f8e80c184d5.mp3
un balai,un-balai-f6fee9b8ff1d.mp3
un bâton,un-baton-f32c0fbc2f62.mp3
un bijou,un-bijou-f9d5b287f12d.mp3
un bisou,un-bisou-ae0b502d98db.mp3
un câble,un-cable-69dd814b07d0.mp3
un chien,un-chien-d5197332022b.mp3
un coach,un-coach-70eab0687abf.mp3
un duvet,un-duvet-94b91b8ad51c.mp3
un écran,un-ecran-9f9a12b1d94b.mp3
un évier,un-evier-dd09e42f1f50.mp3
un flash,un-flash-646385509217.mp3
un frein,un-frein-1d41b1fd006a.mp3
un frigo,un-frigo-956a17d34843.mp3
un fruit,un-fruit-df209c34c414.mp3
un fusil,un-fusil-9e3e6de47ddc.mp3
un gilet,un-gilet-676be59e4c20.mp3
un homme,un-homme-f4467d3d856f.mp3
un lacet,un-lacet-4625e3e90ecf.mp3
un lapin,un-lapin-35d99bf39bba.mp3
un livre,un-livre-bde6e433f73d.mp3
un loyer,un-loyer-3dedb1568198.mp3
un melon,un-melon-def586633a90.mp3
un mètre,un-metre-e73e7fdabdec.mp3
un moine,un-moine-41ecb9ca8e91.mp3
un musée,un-musee-ab3b3c32d1e7.mp3
un poème,un-poeme-c9f8a23c752c.mp3
un point,un-point-4b0a7ec7b98a.mp3
un poney,un-poney-21df5e5c24c0.mp3
un rhume,un-rhume-c00e723580d7.mp3
un robot,un-robot-f92a80ca24f8.mp3
un short,un-short-91595daff5f3.mp3
un signe,un-signe-009b361392cf.mp3
un squat,un-squat-44822fefcce5.mp3
un steak,un-steak-154958b31866.mp3
un stylo,un-stylo-dc99629c638d.mp3
un sweat,un-sweat-fb8b7ff61adb.mp3
un tapis,un-tapis-14d8b52d6e2b.mp3
un texte,un-texte-ca4ed5d5a0d7.mp3
un train,un-train-f430c4d4d08d.mp3
un tuyau,un-tuyau-3d4d0595b9a4.mp3
un verre,un-verre-0cbf3ba782cf.mp3
un wagon,un-wagon-a28362c2eca7.mp3
une dame,une-dame-210eba98de75.mp3
une dose,une-dose-2c171d345508.mp3
une épée,une-epee-95580b235253.mp3
une grue,une-grue-ba58c001f2fd.mp3
une jupe,une-jupe-027264317617.mp3
une moto,une-moto-fa38cb920dbf.mp3
une pile,une-pile-b8dc8248d3a0.mp3
une rive,une-rive-8ce45707b06f.mp3
une robe,une-robe-4b150264d0ee.mp3
une rose,une-rose-3770f01999d6.mp3
une roue,une-roue-48fe315fcf0b.mp3
une taxe,une-taxe-c06a1b002f0f.mp3
une télé,une-tele-39a6fe7d9b35.mp3
une zone,une-zone-12cc728d8ca6.mp3
vendredi,vendredi-f782beda79c1.mp3
accrocher,accrocher-3672227224a7.mp3
apprendre,apprendre-354cf5ae9b3d.mp3
attention,attention-d5be0a695683.mp3
au revoir,au-revoir-7a15ac882ea4.mp3
bienvenue,bienvenue-4563e1944d2b.mp3
c'est sec,c-est-sec-f052e8d70348.mp3
ça brille,ca-brille-27a09bc3db2b.mp3
commander,commander-25d025642c02.mp3
des gants,des-gants-cb17ced720a9.mp3
des rides,des-rides-807442f2869d.mp3
du beurre,du-beurre-eb57ff390d21.mp3
du jambon,du-jambon-d9474da98842.mp3
du parfum,du-parfum-5689f72b159d.mp3
du plâtre,du-platre-e6dd1364a046.mp3
du poivre,du-poivre-e193dc7345e9.mp3
du poulet,du-poulet-803a396d60f0.mp3
du whisky,du-whisky-d0ee50832df9.mp3
elle a eu,elle-a-eu-eb098fe3539e.mp3
elle mixe,elle-mixe-e109b98ced34.mp3
Halloween,halloween-70b109147129.mp3
il efface,il-efface-0eb1e507e155.mp3
il est né,il-est-ne-38080882dd98.mp3
il ignore,il-ignore-f7cffa61577f.mp3
il marche,il-marche-79b9b28b4383.mp3
il mesure,il-mesure-93f27d915560.mp3
il tousse,il-tousse-3e4544b80860.mp3
j'ai reçu,j-ai-recu-167036749fa7.mp3
l'accueil,l-accueil-3d38eb1dd110.mp3
l'automne,l-automne-2ab03f36f849.mp3
l'hygiène,l-hygiene-c23d2b96ffc8.mp3
la banque,la-banque-693e77e0873c.mp3
la bouche,la-bouche-9d65f6d2a368.mp3
la chasse,la-chasse-827483f379b0.mp3
la cuisse,la-cuisse-15baec7ac16b.mp3
la douche,la-douche-1997c8225477.mp3
la farine,la-farine-24159c6bff03.mp3
la fièvre,la-fievre-de95c4bc57d2.mp3
la foudre,la-foudre-391b997ad70c.mp3
la France,la-france-7d5f295699c9.mp3
la Guyane,la-guyane-4d396ff787fb.mp3
la jungle,la-jungle-3904ccbfec5f.mp3
la langue,la-langue-fa67417a161c.mp3
la mairie,la-mairie-fc54a5686315.mp3
la nature,la-nature-3124fa57c24e.mp3
la rafale,la-rafale-f1c582022577.mp3
la sortie,la-sortie-55a66f5aae14.mp3
la taille,la-taille-b08e4a0248e7.mp3
la wasabi,la-wasabi-4a703219c247.mp3
le basket,le-basket-eda99af89f5a.mp3
le défilé,le-defile-43ef3e5e16cf.mp3
le désert,le-desert-70c7e6276799.mp3
le hockey,le-hockey-4c4c153d1351.mp3
le karaté,le-karate-5627037a8ea4.mp3
le menton,le-menton-6e51c3a9c28b.mp3
le pollen,le-pollen-802e14907391.mp3
le soleil,le-soleil-2f17cd0dbf00.mp3
le squash,le-squash-65a1f54590ba.mp3
le succès,le-succes-895f01f01de7.mp3
le volley,le-volley-5b34a5129c03.mp3
le wasabi,le-wasabi-0eda34a92882.mp3
les dunes,les-dunes-3a798962d8ae.mp3
les mains,les-mains-3a3685d4ea04.mp3
les pieds,les-pieds-1e10728439db.mp3
longtemps,longtemps-8c8e60d92819.mp3
notamment,notamment-76a8ce7e0eac.mp3
patienter,patienter-2b729afc5b2c.mp3
rejoindre,rejoindre-1dce128965ae.mp3
ses roses,ses-roses-0da032843f80.mp3
signature,signature-914c16ea7b1b.mp3
suffisant,suffisant-151a7f88f20e.mp3
un accord,un-accord-31427d4ddaf5.mp3
un ananas,un-ananas-b378f1647305.mp3
un animal,un-animal-bffde55d33b0.mp3
un avocat,un-avocat-5a6cd24303d7.mp3
un ballon,un-ballon-092924081b25.mp3
un barman,un-barman-fd5348babc95.mp3
un bateau,un-bateau-44dbf420cc9d.mp3
un bonnet,un-bonnet-51880f02735d.mp3
un bouton,un-bouton-7df462be8df1.mp3
un cadeau,un-cadeau-6259ecb60031.mp3
un cahier,un-cahier-2e691c9dd1eb.mp3
un casque,un-casque-10ef50a4a513.mp3
un chemin,un-chemin-b961e2697d66.mp3
un chèque,un-cheque-4315ef36be56.mp3
un cheval,un-cheval-19f8cf070d2e.mp3
un cinéma,un-cinema-86ade38dbc00.mp3
un combat,un-combat-65bffd691d59.mp3
un crayon,un-crayon-1fcd28673ff2.mp3
un e-mail,un-e-mail-a26f6f0ce7ca.mp3
un examen,un-examen-d19fea052b2c.mp3
un expert,un-expert-a4c581d72eba.mp3
un feutre,un-feutre-bbd334eefe67.mp3
un gâteau,un-gateau-e9b327f6cce3.mp3
un iguane,un-iguane-938ead2b484d.mp3
un jaguar,un-jaguar-e02baf533a91.mp3
un jardin,un-jardin-a49dd27582ce.mp3
un kimono,un-kimono-eb9c1eed32c4.mp3
un lavabo,un-lavabo-9307433983be.mp3
un lézard,un-lezard-a54c7cdf5639.mp3
un loisir,un-loisir-d5c0aa467536.mp3
un lycéen,un-lyceen-ae7bd7b6bbba.mp3
un masque,un-masque-b154d6e88b0d.mp3
un métier,un-metier-80c047301252.mp3
un moteur,un-moteur-579ee26e164b.mp3
un numéro,un-numero-ad770eb28940.mp3
un paquet,un-paquet-2c9ac448651c.mp3
un peigne,un-peigne-58663268326d.mp3
un phoque,un-phoque-15d1d1bc4532.mp3
un pigeon,un-pigeon-1dcd923bc9e7.mp3
un prénom,un-prenom-dd67f319f2aa.mp3
un pyjama,un-pyjama-5d6cacf1234b.mp3
un rasoir,un-rasoir-bc3084c545e9.mp3
un requin,un-requin-1f78bb8ef5b2.mp3
un réveil,un-reveil-174b56e4edf5.mp3
un signal,un-signal-36e40c7d8999.mp3
un square,un-square-c8930f99f1ca.mp3
un témoin,un-temoin-254e9688ec18.mp3
un ticket,un-ticket-cf47a2b90368.mp3
un timbre,un-timbre-2c70be5f38f4.mp3
un tiroir,un-tiroir-3495e6c79dd5.mp3
un vaccin,un-vaccin-fe573a34c38e.mp3
un verrou,un-verrou-d404acd35653.mp3
un volcan,un-volcan-72369d3ba3e0.mp3
un yaourt,un-yaourt-f71d723a8313.mp3
une bague,une-bague-226c567c0ef1.mp3
une boite,une-boite-e6bcea8095a5.mp3
une chute,une-chute-b3a22f5e86d8.mp3
une école,une-ecole-5abed663dcb6.mp3
une femme,une-femme-d92fa8af87d7.mp3
une fiche,une-fiche-4f7d5fdc7d04.mp3
une forêt,une-foret-a4bb1373f8cc.mp3
une gomme,une-gomme-e17fbbb4ab1a.mp3
une guêpe,une-guepe-f683e336fe18.mp3
une lampe,une-lampe-9a099f773925.mp3
une larme,une-larme-16409ee5868b.mp3
une ligne,une-ligne-174962781d0c.mp3
une poche,une-poche-a85906aed65c.mp3
une poêle,une-poele-66f733d0404b.mp3
une poire,une-poire-12a30081f7d9.mp3
une pomme,une-pomme-543923a6eec3.mp3
une prise,une-prise-27b9ef08f1a1.mp3
une règle,une-regle-a25fe6bf82bb.mp3
une reine,une-reine-43e591a49b8d.mp3
une revue,une-revue-3e995e3d8349.mp3
une table,une-table-ecfb4f2b6218.mp3
une tache,une-tache-49e9f2f95404.mp3
une tarte,une-tarte-a8a74763b993.mp3
une tasse,une-tasse-25a4a2f19c7d.mp3
une usine,une-usine-ca43d2cb02a1.mp3
une vache,une-vache-a5c3702db822.mp3
une vague,une-vague-7835177d35d7.mp3
une veste,une-veste-43e6fefcc7bc.mp3
une ville,une-ville-b54418761b84.mp3
une vitre,une-vitre-15768eb2bed0.mp3
c'est bien,c-est-bien-2727a089dd83.mp3
c'est bleu,c-est-bleu-d759bb6eceb3.mp3
c'est fini,c-est-fini-222bbdd0a263.mp3
c'est gris,c-est-gris-748cf87a1f4b.mp3
c'est joli,c-est-joli-a5446b39cb60.mp3
c'est loin,c-est-loin-16d3e669a5e8.mp3
couramment,couramment-e35886c57dcc.mp3
des filles,des-filles-f7dc8c3d5d59.mp3
des fleurs,des-fleurs-805867350ad0.mp3
des fruits,des-fruits-57322e7eb3d8.mp3
des outils,des-outils-beb7c3a04ec3.mp3
des photos,des-photos-fca51387eab2.mp3
des tuiles,des-tuiles-2ded8251dcef.mp3
du chorizo,du-chorizo-7dc0cd347dd2.mp3
du ketchup,du-ketchup-4bf34fdb2e13.mp3
elle jette,elle-jette-261cf55a8707.mp3
elle tombe,elle-tombe-59bf8645dced.mp3
évidemment,evidemment-71e565083803.mp3
il a gagné,il-a-gagne-b41d101c6760.mp3
il est usé,il-est-use-e69257111330.mp3
il examine,il-examine-a46de9a1481d.mp3
il ramasse,il-ramasse-f157e93d0dba.mp3
il se rase,il-se-rase-33c821d1c805.mp3
ils ont eu,ils-ont-eu-5fe682909223.mp3
l'alphabet,l-alphabet-9a29dc146363.mp3
l'Amazonie,l-amazonie-fe91a378dbe2.mp3
l'équateur,l-equateur-d3cf4decb267.mp3
la cuisine,la-cuisine-11b688839ae7.mp3
la faïence,la-faience-57fc90d2a5ab.mp3
la lecture,la-lecture-69ca1ad6a0e9.mp3
la lessive,la-lessive-f5180bad60eb.mp3
la lumière,la-lumiere-fa348f7e1e20.mp3
la musique,la-musique-76c461bb7810.mp3
la semoule,la-semoule-0149cee89db0.mp3
la Tunisie,la-tunisie-a0ecd43f42f8.mp3
la vanille,la-vanille-223f96ecebaa.mp3
la vitesse,la-vitesse-1cdc41a0e107.mp3
le maximum,le-maximum-6132014acf55.mp3
le Mexique,le-mexique-3a167fc902a1.mp3
le parquet,le-parquet-b9004a62ba25.mp3
le poignet,le-poignet-b56cbcf8f731.mp3
le sommeil,le-sommeil-36a79889d768.mp3
le weekend,le-weekend-ce8eeb0b8011.mp3
les fusils,les-fusils-9cb859d002a2.mp3
les jambes,les-jambes-a30f096cb37f.mp3
les lèvres,les-levres-211f4eb388a0.mp3
les lignes,les-lignes-8d571cbf9e70.mp3
les maçons,les-macons-d4fd420a9cbd.mp3
les phares,les-phares-f1331b3d8acf.mp3
les veines,les-veines-842c1a6bc8c8.mp3
méchamment,mechamment-9556aa95aeae.mp3
mes palmes,mes-palmes-02076451cff0.mp3
mes tasses,mes-tasses-d777b27c2416.mp3
obligation,obligation-f0af0361a088.mp3
patiemment,patiemment-f9549c94928c.mp3
prudemment,prudemment-cfb2bfac50a8.mp3
raccrocher,raccrocher-6976b2b5ad3d.mp3
travailler,travailler-f89281927aa1.mp3
un arbitre,un-arbitre-4f0abbf0508c.mp3
un atelier,un-atelier-e76a8c2bd7d9.mp3
un billard,un-billard-623d92cf6fcf.mp3
un briquet,un-briquet-8c61e8024583.mp3
un caleçon,un-calecon-2d47e91429c7.mp3
un château,un-chateau-2de7f2f2ea3f.mp3
un chiffon,un-chiffon-7c267d8c1cd9.mp3
un conseil,un-conseil-bb5627554f45.mp3
un contrat,un-contrat-c8582e8cd410.mp3
un couloir,un-couloir-f63d585e6cae.mp3
un couteau,un-couteau-0c03593388e1.mp3
un dauphin,un-dauphin-5e9d551682df.mp3
un diplôme,un-diplome-c61a79455016.mp3
un docteur,un-docteur-f6a76f48b764.mp3
un exemple,un-exemple-81d5140b60a1.mp3
un fantôme,un-fantome-f83fdbc3de47.mp3
un footing,un-footing-803c0a458f81.mp3
un gobelet,un-gobelet-d7b17cbcea82.mp3
un gymnase,un-gymnase-aaf8d9d91758.mp3
un hôpital,un-hopital-1b6bcc3c36fe.mp3
un italien,un-italien-e0e6eee12b8a.mp3
un journal,un-journal-73176f1d7f2e.mp3
un mariage,un-mariage-7fefdafd4f08.mp3
un marteau,un-marteau-5aceb958e5ba.mp3
un matelas,un-matelas-9c46f87969ae.mp3
un médecin,un-medecin-7f603bd24108.mp3
un parking,un-parking-019b53aed6b5.mp3
un pinceau,un-pinceau-00d8ed1d160c.mp3
un portail,un-portail-a843503e3950.mp3
un produit,un-produit-f0e7ecbb81bf.mp3
un robinet,un-robinet-903fb91fa686.mp3
un scooter,un-scooter-0739ec26c5b2.mp3
un t-shirt,un-t-shirt-bda15f62e743.mp3
un terrain,un-terrain-7764bea8fb64.mp3
un travail,un-travail-7cd31a4d7803.mp3
un trophée,un-trophee-25d58ce36bd9.mp3
un vendeur,un-vendeur-f45540f8635d.mp3
un village,un-village-a038bce8c0da.mp3
une avenue,une-avenue-a4a7488a18c1.mp3
une banane,une-banane-4307366eae48.mp3
une bougie,une-bougie-b8e420b98e5d.mp3
une brosse,une-brosse-fcbcf9a20f07.mp3
une caméra,une-camera-97270252af7a.mp3
une chaine,une-chaine-5a0e08dc701c.mp3
une chaise,une-chaise-7f4f3b74757e.mp3
une équipe,une-equipe-28a04efa85f8.mp3
une étoile,une-etoile-1450cb08f273.mp3
une fourmi,une-fourmi-80e262b789cb.mp3
une lettre,une-lettre-93bad122165c.mp3
une minute,une-minute-fb92aa4615e0.mp3
une montre,une-montre-ace3aa7bb3bb.mp3
une mouche,une-mouche-e74fabd467a1.mp3
une mygale,une-mygale-7a6fdd8ff230.mp3
une phrase,une-phrase-1301d7b7acd9.mp3
une poudre,une-poudre-8a7387c23629.mp3
une rafale,une-rafale-f0213b88683b.mp3
une salade,une-salade-dfaefbdc9ac0.mp3
une tomate,une-tomate-fdb0f136edeb.mp3
une valise,une-valise-2bfca4c8810d.mp3
une visite,une-visite-a6005446a571.mp3
vingt-huit,vingt-huit-49183f897edd.mp3
violemment,violemment-624db8b56b91.mp3
aujourd'hui,aujourd-hui-7cfaf8f7ba63.mp3
c'est drôle,c-est-drole-da00e45fa96b.mp3
c'est fermé,c-est-ferme-0388e2bde400.mp3
c'est jaune,c-est-jaune-82eba6df1d6f.mp3
c'est libre,c-est-libre-efa71a73ee39.mp3
c'est moyen,c-est-moyen-ed00d2432d39.mp3
de l'alcool,de-l-alcool-4933decb8159.mp3
de l'argent,de-l-argent-c75e3a5002a3.mp3
des bananes,des-bananes-6268b876ba6c.mp3
des billets,des-billets-32921d428b6f.mp3
des cartons,des-cartons-0ee37d082e76.mp3
des chevaux,des-chevaux-c33316ebf809.mp3
des cookies,des-cookies-957c1833f2af.mp3
des dominos,des-dominos-7cb0f3ed552e.mp3
des fraises,des-fraises-585348e2cd7a.mp3
des légumes,des-legumes-dce974e78e6d.mp3
des lycéens,des-lyceens-25d017ec8d28.mp3
des miettes,des-miettes-8213266b6754.mp3
des rideaux,des-rideaux-31448bb48bbc.mp3
des salades,des-salades-05e5f7250465.mp3
des travaux,des-travaux-a9b640d79237.mp3
des visites,des-visites-76dbb85cfcbd.mp3
du chocolat,du-chocolat-68c53a0ebbe2.mp3
elle a faim,elle-a-faim-fee867355929.mp3
elle chante,elle-chante-31c6fb0677a2.mp3
elle écoute,elle-ecoute-500801625eed.mp3
elle emmène,elle-emmene-a3c2d8d40e29.mp3
elle visite,elle-visite-d7494891f022.mp3
enregistrer,enregistrer-8006c91b5866.mp3
il a besoin,il-a-besoin-f442f42d7319.mp3
il est brun,il-est-brun-2f2df23d3613.mp3
il est fort,il-est-fort-f1ee40441961.mp3
il est midi,il-est-midi-0672cc498e00.mp3
il s'enfuit,il-s-enfuit-c373bf9eb351.mp3
il s'ennuie,il-s-ennuie-53f1770c08ff.mp3
il surligne,il-surligne-d661aaeaa484.mp3
ils dorment,ils-dorment-e7d92ff67a51.mp3
ils parlent,ils-parlent-f76a345ae7c9.mp3
ils sortent,ils-sortent-2d194adbff40.mp3
l'extérieur,l-exterieur-b8b470d95373.mp3
la cheville,la-cheville-36c245a00aaf.mp3
la mâchoire,la-machoire-285d1d20711a.mp3
la montagne,la-montagne-4f390196f3ad.mp3
la peinture,la-peinture-5b07bcd5e491.mp3
la pointure,la-pointure-60e10890a935.mp3
la poubelle,la-poubelle-56e63b4628cd.mp3
la rougeole,la-rougeole-38493e074bbe.mp3
le deuxième,le-deuxieme-c3b59307d0fc.mp3
les bananes,les-bananes-9eb6d330160a.mp3
les cheveux,les-cheveux-d08c6f2df997.mp3
les déchets,les-dechets-a3cd146d52eb.mp3
les enfants,les-enfants-f3b3ff3296d8.mp3
les orteils,les-orteils-d03a7caa455d.mp3
mes valises,mes-valises-63e9b745f60b.mp3
tes salades,tes-salades-9134bee151b1.mp3
tes tomates,tes-tomates-60868e743be8.mp3
un accident,un-accident-5e5e191b6d14.mp3
un aquarium,un-aquarium-2351c524ebba.mp3
un bungalow,un-bungalow-3f915be3e782.mp3
un cercueil,un-cercueil-268dd9ccb7cb.mp3
un chantier,un-chantier-729e3465fb3f.mp3
un coiffeur,un-coiffeur-d7654c344647.mp3
un contrôle,un-controle-f9b8c309e8bd.mp3
un document,un-document-65f7bb27b128.mp3
un éléphant,un-elephant-e4192dedb441.mp3
un escalier,un-escalier-39be83bdb677.mp3
un escargot,un-escargot-f236a7b6f159.mp3
un exercice,un-exercice-63e7f378c948.mp3
un fastfood,un-fastfood-1196a2aca0a5.mp3
un fauteuil,un-fauteuil-fea310e28a31.mp3
un immeuble,un-immeuble-fd6ab6d51770.mp3
un logement,un-logement-a8a402104381.mp3
un monument,un-monument-fea80065c36d.mp3
un mouchoir,un-mouchoir-3b5edfcd8bb6.mp3
un oreiller,un-oreiller-0764a70f6f84.mp3
un plongeon,un-plongeon-ea7002c29b92.mp3
un sandwich,un-sandwich-db745b5fd47e.mp3
un toboggan,un-toboggan-5df2ae818f93.mp3
un triomphe,un-triomphe-f4e8a45203a1.mp3
un uniforme,un-uniforme-d29365e03cb3.mp3
un véhicule,un-vehicule-7cd204eafb5d.mp3
une abeille,une-abeille-eef3b5973e52.mp3
une adresse,une-adresse-cbeb2912540c.mp3
une affiche,une-affiche-35f3c6929769.mp3
une analyse,une-analyse-33c74f15191b.mp3
une antenne,une-antenne-c200348c082c.mp3
une armoire,une-armoire-067b7625a32c.mp3
une baleine,une-baleine-7dedd51bbc95.mp3
une boisson,une-boisson-917c2f5cd8f0.mp3
une cellule,une-cellule-4850c39075ff.mp3
une chemise,une-chemise-4b99a258dc36.mp3
une clôture,une-cloture-ed6774195521.mp3
une échelle,une-echelle-5a34eaa0bd3d.mp3
une famille,une-famille-9721d4c1f863.mp3
une fenêtre,une-fenetre-3303bc4c22a9.mp3
une gamelle,une-gamelle-d0e0ec4e7160.mp3
une guitare,une-guitare-513acfea7848.mp3
une machine,une-machine-49a27da25cce.mp3
une manette,une-manette-c84fd160d291.mp3
une oreille,une-oreille-e2d27a3e53bf.mp3
une piscine,une-piscine-d6b3f98abca7.mp3
une planète,une-planete-ed1714d4e2fb.mp3
une sardine,une-sardine-15e31e82f64b.mp3
une seconde,une-seconde-673f8cadc702.mp3
une semaine,une-semaine-03cbbb7a3d7c.mp3
une serrure,une-serrure-40f5bf99a845.mp3
une station,une-station-4859bacef196.mp3
une tempête,une-tempete-9fc0f3bbce74.mp3
une trousse,une-trousse-47e2c3515254.mp3
une voiture,une-voiture-31812dd626e2.mp3
asseyez-vous,asseyez-vous-d2fa624c0b71.mp3
c'est occupé,c-est-occupe-d1a96535c27c.mp3
c'est ouvert,c-est-ouvert-b7102cc9fbc3.mp3
c'est pointu,c-est-pointu-175ef8d96290.mp3
c'est rempli,c-est-rempli-93ef57e7b77c.mp3
des affiches,des-affiches-5e155615a837.mp3
des cailloux,des-cailloux-e86d59be05a9.mp3
des feuilles,des-feuilles-7d50dd15658b.mp3
des lasagnes,des-lasagnes-51177b3cc8dc.mp3
des lunettes,des-lunettes-44c3c476f714.mp3
des milliers,des-milliers-7c94e92c03c0.mp3
des planches,des-planches-c0950bb23a2e.mp3
des produits,des-produits-7bd834c06813.mp3
des rugbymen,des-rugbymen-261c301229ba.mp3
des symboles,des-symboles-d1b5bfb3160e.mp3
du gingembre,du-gingembre-b9962b59e274.mp3
du shampoing,du-shampoing-2d7ea43b7369.mp3
elle a froid,elle-a-froid-95ad5fc1ef3b.mp3
elle appelle,elle-appelle-aa36e3e83383.mp3
elle déchire,elle-dechire-adde5005512c.mp3
elle dessine,elle-dessine-006dc0ee3825.mp3
elles jouent,elles-jouent-76814f6dd46d.mp3
elles ont eu,elles-ont-eu-d575bab410ef.mp3
il a disparu,il-a-disparu-9e6d15924ecc.mp3
il a épargné,il-a-epargne-d171c4892b41.mp3
il est assis,il-est-assis-cd3d7ec5a8ee.mp3
Il est brun.,il-est-brun-b1ab0c0bb729.mp3
il est grand,il-est-grand-1e737d234a90.mp3
il est parti,il-est-parti-21f3646c67e2.mp3
il est plein,il-est-plein-0b29b016cf65.mp3
il est sympa,il-est-sympa-fbd4fc1c6254.mp3
il est tordu,il-est-tordu-38f797e7dedd.mp3
il s'habille,il-s-habille-3ed0a774141a.mp3
ils peignent,ils-peignent-eea98e3502e8.mp3
interdiction,interdiction-a4f99c83334b.mp3
la connexion,la-connexion-7b6e3b33831f.mp3
la digestion,la-digestion-c50af7e49d89.mp3
la pollution,la-pollution-75fdc5600dab.mp3
la Thaïlande,la-thailande-782e032cf9f8.mp3
le père Noël,le-pere-noel-d57e97432dc8.mp3
le personnel,le-personnel-cf319fa297c3.mp3
les Caraïbes,les-caraibes-e00aa7454c42.mp3
les couleurs,les-couleurs-92f46b286e0a.mp3
les horaires,les-horaires-e27e396db6ab.mp3
les urgences,les-urgences-59716d4b12a4.mp3
nous faisons,nous-faisons-5b056e23f5bc.mp3
ses chemises,ses-chemises-35d1c7710096.mp3
son pantalon,son-pantalon-8ac379842256.mp3
suffisamment,suffisamment-5fc0aa42428d.mp3
un alcootest,un-alcootest-3f91437d7da4.mp3
un ascenceur,un-ascenceur-90ccd2f9312e.mp3
un astéroïde,un-asteroide-a8503e46981b.mp3
un catalogue,un-catalogue-029aa25bb4f3.mp3
un comptable,un-comptable-0ec7108d2c51.mp3
un moustique,un-moustique-0ad46ca4413d.mp3
un orchestre,un-orchestre-2d1b47f8c58a.mp3
un parapluie,un-parapluie-687c6f7e8859.mp3
un passeport,un-passeport-4f052b2d00e2.mp3
un radiateur,un-radiateur-0bd1603c3d59.mp3
un shampoing,un-shampoing-68546b1b80c3.mp3
un téléphone,un-telephone-34ecc44ac5ce.mp3
une ceinture,une-ceinture-082afe07307a.mp3
une cheminée,une-cheminee-279032f708e6.mp3
une cuillère,une-cuillere-41523a702387.mp3
une fontaine,une-fontaine-d1c88b2d7f16.mp3
une médaille,une-medaille-74bc00d1e195.mp3
une mosaïque,une-mosaique-2980006b87e5.mp3
une pyramide,une-pyramide-a83f054e6f9a.mp3
une question,une-question-7864b3eb3418.mp3
une seringue,une-seringue-90fdb16cfbc3.mp3
c'est fragile,c-est-fragile-e0bfa32b920e.mp3
c'est gratuit,c-est-gratuit-f90b25926511.mp3
c'est mouillé,c-est-mouille-08019684fcdf.mp3
elle a glissé,elle-a-glisse-3ed34c4b30c3.mp3
elle souligne,elle-souligne-e4d5742d587a.mp3
elle traverse,elle-traverse-374d4427cef3.mp3
elles dansent,elles-dansent-949bee2ea196.mp3
Il est assis.,il-est-assis-43730ab5db75.mp3
ils attendent,ils-attendent-a87c12d9e8fe.mp3
ils cherchent,ils-cherchent-9fbec42a8ded.mp3
ils cuisinent,ils-cuisinent-d4668f804b58.mp3
la Guadeloupe,la-guadeloupe-a55d105c85bd.mp3
les chrétiens,les-chretiens-189a613249f8.mp3
les gendarmes,les-gendarmes-9ecf3265fbcc.mp3
les initiales,les-initiales-6b537b4c63bf.mp3
les syndicats,les-syndicats-dc98db3bcf83.mp3
les vêtements,les-vetements-f30027ae39f9.mp3
nous avons eu,nous-avons-eu-8dbc3b967e99.mp3
un aspirateur,un-aspirateur-2e7f01a07582.mp3
un labyrinthe,un-labyrinthe-8ea2c4dd5b15.mp3
un médicament,un-medicament-ee3b094b2700.mp3
un ordinateur,un-ordinateur-a8e0e26639f4.mp3
un pharmacien,un-pharmacien-c1e9d369fb23.mp3
un restaurant,un-restaurant-3ca899e9e07f.mp3
un rond-point,un-rond-point-3a9f99e6e3b6.mp3
une bouteille,une-bouteille-dce0c8aeb58d.mp3
une cigarette,une-cigarette-456b4d782431.mp3
une italienne,une-italienne-cf6e88433a7a.mp3
une livraison,une-livraison-2f3610b5b2ab.mp3
une opération,une-operation-cd85e3223410.mp3
une pharmacie,une-pharmacie-1cc8a6344348.mp3
J'ai pris mes congés en août.,j-ai-pris-mes-conges-en-aout-bb498f6d96dd.mp3
une signature,une-signature-201c948d861b.mp3
une technique,une-technique-4bf32b2ede16.mp3
des chaussures,des-chaussures-f26f8a906f66.mp3
elle a signalé,elle-a-signale-d6fca3169317.mp3
elle est brune,elle-est-brune-dd9e74365296.mp3
elle est naïve,elle-est-naive-41c2f9d9aca3.mp3
elles écoutent,elles-ecoutent-1b7c9030a7d7.mp3
elles marchent,elles-marchent-911ee94ea0e3.mp3
il est égoïste,il-est-egoiste-af425eae4be2.mp3
il est fatigué,il-est-fatigue-8b37f060349b.mp3
il est vacciné,il-est-vaccine-0bb6f80cda7d.mp3
ils apprennent,ils-apprennent-e29646b19873.mp3
ils contrôlent,ils-controlent-d02be608f438.mp3
les Seychelles,les-seychelles-1ffdd1c69117.mp3
ses moustaches,ses-moustaches-65f3e2c0ecbe.mp3
un chewing-gum,un-chewing-gum-e48276cc50a4.mp3
un chronomètre,un-chronometre-9f4a527e8e27.mp3
un médicaments,un-medicaments-916d52e2d8bd.mp3
un photographe,un-photographe-7a1972b95a00.mp3
un psychologue,un-psychologue-5b8d32cf1544.mp3
un survêtement,un-survetement-dfd48cc4200a.mp3
une imprimante,une-imprimante-506624631ae0.mp3
une infirmerie,une-infirmerie-d6e083caca4f.mp3
une suggestion,une-suggestion-9e62b84caeab.mp3
c'est dynamique,c-est-dynamique-965d134d5cc5.mp3
elle est malade,elle-est-malade-5509b42073a2.mp3
elle est partie,elle-est-partie-104f72088c36.mp3
il est espagnol,il-est-espagnol-62ec1f07561e.mp3
il est paralysé,il-est-paralyse-5eab357c1bd6.mp3
la bibliothèque,la-bibliotheque-d5f7f728fcdb.mp3
les coordonnées,les-coordonnees-9a62d5b9391f.mp3
un anniversaire,un-anniversaire-29d424325492.mp3
un distributeur,un-distributeur-13775e249215.mp3
un mot de passe,un-mot-de-passe-d082dc9ec906.mp3
une association,une-association-ea8695d1599d.mp3
une attestation,une-attestation-914898536cc9.mp3
une catastrophe,une-catastrophe-ba645b1b48a2.mp3
une convocation,une-convocation-339669ce8d16.mp3
une information,une-information-0c7b35831b4f.mp3
elle se réveille,elle-se-reveille-93be13ee8e35.mp3
Il est trop usé.,il-est-trop-use-475a0ef5907e.mp3
Je pars à Melun.,je-pars-a-melun-3e075c3c68dd.mp3
une chorégraphie,une-choregraphie-b35e0c65871f.mp3
une rue piétonne,une-rue-pietonne-94f1697dc499.mp3
Chacun a un livre,chacun-a-un-livre-102322224622.mp3
elle est enceinte,elle-est-enceinte-ff254e71fffa.mp3
Il a eu un stylo.,il-a-eu-un-stylo-53f8c4e499a3.mp3
Il mesure le mur.,il-mesure-le-mur-028367e434a5.mp3
ils sont Français,ils-sont-francais-d4145c0b1477.mp3
Je lave le frigo.,je-lave-le-frigo-fabf66d51e71.mp3
un appareil photo,un-appareil-photo-00480f85945a.mp3
une agglomération,une-agglomeration-82291798a034.mp3
elle est italienne,elle-est-italienne-d0a557b48107.mp3
il est sympathique,il-est-sympathique-2b87bef43b37.mp3
Il répare le toit.,il-repare-le-toit-71f1b06e3291.mp3
l'union européenne,l-union-europeenne-d85d648bc5bf.mp3
le meilleur joueur,le-meilleur-joueur-0a7666b523da.mp3
un permis à points,un-permis-a-points-1cb55648b8f1.mp3
Elle a pris le bus.,elle-a-pris-le-bus-660b49d17831.mp3
Je lave mes tasses.,je-lave-mes-tasses-f5fc0f065be2.mp3
Le combat est fini.,le-combat-est-fini-0e09475713b7.mp3
le drapeau européen,le-drapeau-europeen-dd49e2d0bb4a.mp3
les jeux olympiques,les-jeux-olympiques-04b5eb9e87ac.mp3
un centre aquatique,un-centre-aquatique-4426a8e2ae2c.mp3
Elle a de la fièvre.,elle-a-de-la-fievre-d2a68c6801f1.mp3
Il a besoin de soin.,il-a-besoin-de-soin-6e42100928a8.mp3
Il a mis des palmes.,il-a-mis-des-palmes-e61ccdd4e587.mp3
J'ai appelé un taxi.,j-ai-appele-un-taxi-39e0210e2b00.mp3
Elle a eu des fleurs.,elle-a-eu-des-fleurs-dc33deedf802.mp3
Elle a mis ses gants.,elle-a-mis-ses-gants-d466e01b5745.mp3
Elle est à l'hôpital.,elle-est-a-l-hopital-8e0cffd199aa.mp3
Elle porte un masque.,elle-porte-un-masque-ec8f08c1d737.mp3
Elle visite le musée.,elle-visite-le-musee-53e2b1023b2b.mp3
Il a mis une chemise.,il-a-mis-une-chemise-ac49efe84f61.mp3
Il coupe le chocolat.,il-coupe-le-chocolat-ca047886868f.mp3
Il porte les cartons.,il-porte-les-cartons-65172341dfdd.mp3
Ils ont eu un gâteau.,ils-ont-eu-un-gateau-500e2e90c543.mp3
Je coupe les légumes.,je-coupe-les-legumes-5d87e40041fe.mp3
Je prépare la salade.,je-prepare-la-salade-8c252600c8af.mp3
Le calcul est simple.,le-calcul-est-simple-511b29ba4205.mp3
Elle prépare les sacs.,elle-prepare-les-sacs-c58320b6c7b4.mp3
Elles font de la boxe.,elles-font-de-la-boxe-a87bf44cb483.mp3
Il conduit la voiture.,il-conduit-la-voiture-294f9e575cdd.mp3
Il joue de la guitare.,il-joue-de-la-guitare-f53c4ed6c93e.mp3
Il marche sur la lune.,il-marche-sur-la-lune-0d4167a7707e.mp3
Il porte des planches.,il-porte-des-planches-6001310bf81f.mp3
Tu as eu mal au coeur.,tu-as-eu-mal-au-coeur-c2bbd3eb54ad.mp3
Tu as un mot de passe.,tu-as-un-mot-de-passe-fc16a4229f1d.mp3
des activités physiques,des-activites-physiques-e83b9fcf6584.mp3
Elle a très mal au nez.,elle-a-tres-mal-au-nez-9c4d127792fd.mp3
Elle mixe de la viande.,elle-mixe-de-la-viande-040f17c4be64.mp3
Elle porte les valises.,elle-porte-les-valises-d27784f69aec.mp3
Elle promène son chien.,elle-promene-son-chien-e3106ec2cbbc.mp3
Elle regarde sa montre.,elle-regarde-sa-montre-4102e6b43abb.mp3
Elles ont eu un cadeau.,elles-ont-eu-un-cadeau-2ff5b63d9058.mp3
Il a ouvert la fenêtre.,il-a-ouvert-la-fenetre-613d5a0220be.mp3
Il a signé son contrat.,il-a-signe-son-contrat-2cefeb161801.mp3
Il essore ses vêtements,il-essore-ses-vetements-122ab3080b3c.mp3
Il est dans son jardin.,il-est-dans-son-jardin-1c7c201a4741.mp3
Il monte sur l'échelle.,il-monte-sur-l-echelle-fd2a57f7e944.mp3
Il prend un médicament.,il-prend-un-medicament-9a2a1937c3ad.mp3
C'est de la bonne terre.,c-est-de-la-bonne-terre-30179650a45a.mp3
C'est interdit de fumer.,c-est-interdit-de-fumer-3e3b7b89217b.mp3
C'est la bonne pointure.,c-est-la-bonne-pointure-b86916593149.mp3
Elle est à l'infirmerie.,elle-est-a-l-infirmerie-5202cdc13274.mp3
Elles marchent beaucoup.,elles-marchent-beaucoup-fa763c3aa1fe.mp3
Il a mal au pied gauche.,il-a-mal-au-pied-gauche-155711439071.mp3
Il est venu à la banque.,il-est-venu-a-la-banque-9c82c1d6092b.mp3
Il repasse ses chemises.,il-repasse-ses-chemises-a783aa8700d1.mp3
Ils avancent prudemment.,ils-avancent-prudemment-c195f1f3d326.mp3
Ils repeignent les murs.,ils-repeignent-les-murs-a455cf6137d6.mp3
Ils se lavent les mains.,ils-se-lavent-les-mains-e24a5572c27b.mp3
les transports en commun,les-transports-en-commun-868cc7db80d3.mp3
Elle a très mal à l'oeil.,elle-a-tres-mal-a-l-oeil-71b2d4e4cbbb.mp3
Elles jouent leur finale.,elles-jouent-leur-finale-08edc3248890.mp3
Il frappe le sac de boxe.,il-frappe-le-sac-de-boxe-da5cd3f370cd.mp3
Il travaille dans un zoo.,il-travaille-dans-un-zoo-c0344b55972b.mp3
Ils traversent le désert.,ils-traversent-le-desert-d980a7ed6aac.mp3
J'ai préparé des cookies.,j-ai-prepare-des-cookies-f94738d4573a.mp3
Je garde le jaune d'oeuf.,je-garde-le-jaune-d-oeuf-626e474d1db3.mp3
Le temps passe trop vite.,le-temps-passe-trop-vite-437efd911dc8.mp3
Elle a pris son parapluie.,elle-a-pris-son-parapluie-18eec16a01aa.mp3
Elle a pris un stylo noir.,elle-a-pris-un-stylo-noir-5542579519b2.mp3
Elle écoute de la musique.,elle-ecoute-de-la-musique-2f566a63bed6.mp3
Elle marche sur le chemin.,elle-marche-sur-le-chemin-31234b4a4be4.mp3
Elle regarde le catalogue.,elle-regarde-le-catalogue-35ec8d20fd25.mp3
Elle va au bureau en vélo.,elle-va-au-bureau-en-velo-0ee0b8c46de5.mp3
Il a rempli le seau d'eau.,il-a-rempli-le-seau-d-eau-8421adcd6176.mp3
Ils ramassent les déchets.,ils-ramassent-les-dechets-aeec3e150c09.mp3
Je dois rejoindre Antoine.,je-dois-rejoindre-antoine-0a76436d48df.mp3
Je prends le train demain.,je-prends-le-train-demain-1c1952260b3b.mp3
Nous avons eu un classeur.,nous-avons-eu-un-classeur-c13acc1ce586.mp3
Combien serez-vous demain ?,combien-serez-vous-demain-c8bd258ff605.mp3
Comment ça va aujourd'hui ?,comment-ca-va-aujourd-hui-59c4434e5e68.mp3
Elle n'a plus de shampoing.,elle-n-a-plus-de-shampoing-c870a5388499.mp3
Il a mis le son au maximum.,il-a-mis-le-son-au-maximum-4cdf070c10b5.mp3
Ils apprennent le français.,ils-apprennent-le-francais-6e53a931fa71.mp3
Je finis à 18 h lundi soir.,je-finis-a-18-h-lundi-soir-969b278a5edb.mp3
Le nouveau coach est super.,le-nouveau-coach-est-super-141b80547c76.mp3
Elle doit chercher la veine.,elle-doit-chercher-la-veine-a29a12ee186e.mp3
Horaires de la bibliothèque.,horaires-de-la-bibliotheque-8f01e966ae0b.mp3
Il a un bras dans le plâtre.,il-a-un-bras-dans-le-platre-a552433c00c8.mp3
Ils contrôlent les voitures.,ils-controlent-les-voitures-63eef97dc5b0.mp3
J'ai eu un rendez-vous hier.,j-ai-eu-un-rendez-vous-hier-20df05858a71.mp3
Je n'ai pas trouvé le balai.,je-n-ai-pas-trouve-le-balai-11e2c7020c91.mp3
Le jury a choisi le gagnant.,le-jury-a-choisi-le-gagnant-bd2197885fbf.mp3
Elles écoutent de la musique.,elles-ecoutent-de-la-musique-bd3bff1223c5.mp3
Il y a eu une tempête à Noël.,il-y-a-eu-une-tempete-a-noel-294023e6965c.mp3
Ils cuisinent tous les jours.,ils-cuisinent-tous-les-jours-2a9164b7c62e.mp3
Mon chien a été vacciné hier.,mon-chien-a-ete-vaccine-hier-112f7b24fc13.mp3
C'était son anniversaire hier.,c-etait-son-anniversaire-hier-52d1910d1eb8.mp3
Elle a raccroché le téléphone.,elle-a-raccroche-le-telephone-3bd16bd76abd.mp3
Elle doit choisir une boisson.,elle-doit-choisir-une-boisson-8a5891e4b00c.mp3
Il s'est blessé à la cheville.,il-s-est-blesse-a-la-cheville-3fe980123b01.mp3
J'ai acheté beaucoup de kiwis.,j-ai-achete-beaucoup-de-kiwis-ec0c533fb5dc.mp3
J'ai acheté un nouveau parfum.,j-ai-achete-un-nouveau-parfum-d7b6cfecc2ba.mp3
Je vais te montrer mes photos.,je-vais-te-montrer-mes-photos-b544df795c03.mp3
La piscine est fermée ce soir.,la-piscine-est-fermee-ce-soir-b6ec7442ef11.mp3
Vous pouvez garder la monnaie.,vous-pouvez-garder-la-monnaie-9092e2386404.mp3
Elle a un bouton sur le menton.,elle-a-un-bouton-sur-le-menton-34316bedfc04.mp3
Elle doit voir la psy vendredi.,elle-doit-voir-la-psy-vendredi-92f04edccbd0.mp3
Elles regardent par la fenêtre.,elles-regardent-par-la-fenetre-0ca848ad3ee7.mp3
Il ne trouve plus ses lunettes.,il-ne-trouve-plus-ses-lunettes-2c0a3bdec53b.mp3
Ils attendent à l'arrêt de bus.,ils-attendent-a-l-arret-de-bus-b56f61991fc1.mp3
Je ne travaille pas ce weekend.,je-ne-travaille-pas-ce-weekend-a981c807817c.mp3
Je voudrais acheter un scooter.,je-voudrais-acheter-un-scooter-47def8618c2e.mp3
Il va à l'usine tous les matins.,il-va-a-l-usine-tous-les-matins-fa632195a78b.mp3
Je dois passer un examen demain.,je-dois-passer-un-examen-demain-4eac8e60fb37.mp3
Le docteur est arrivé à l'heure.,le-docteur-est-arrive-a-l-heure-778de2d8ad1d.mp3
Les maçons sont sur le chantier.,les-macons-sont-sur-le-chantier-a66556b04401.mp3
C'est le produit pour la cuisine.,c-est-le-produit-pour-la-cuisine-2c93d094b8b3.mp3
Elle a passé son diplôme à Paris.,elle-a-passe-son-diplome-a-paris-71c26bd0d1db.mp3
Il y a des iguanes en Guadeloupe.,il-y-a-des-iguanes-en-guadeloupe-44e75f29183d.mp3
Il y a un couteau pour le gâteau.,il-y-a-un-couteau-pour-le-gateau-2b9032264606.mp3
L'ampoule de la lampe est cassée.,l-ampoule-de-la-lampe-est-cassee-7d76d18aa9fe.mp3
La formatrice est vraiment sympa.,la-formatrice-est-vraiment-sympa-3cc1c683563a.mp3
Tous les outils sont dans le sac.,tous-les-outils-sont-dans-le-sac-92515e34c6af.mp3
Chacun attend patiemment son tour.,chacun-attend-patiemment-son-tour-d813bd8feb41.mp3
Elle emmène ses enfants à l'école.,elle-emmene-ses-enfants-a-l-ecole-c263aefd730a.mp3
Elle jette le reste à la poubelle.,elle-jette-le-reste-a-la-poubelle-29d35124e981.mp3
Elles parlent couramment espagnol.,elles-parlent-couramment-espagnol-3d27e1b00bba.mp3
Il répare le moteur de la voiture.,il-repare-le-moteur-de-la-voiture-630cecdd6f21.mp3
J'ai voyagé dans beaucoup de pays.,j-ai-voyage-dans-beaucoup-de-pays-540887cb3874.mp3
Le chef a réuni tout le personnel.,le-chef-a-reuni-tout-le-personnel-75cb5386f706.mp3
Elle jette la lettre à la poubelle.,elle-jette-la-lettre-a-la-poubelle-90ed62b67d39.mp3
Il y a un match de rugby à la télé.,il-y-a-un-match-de-rugby-a-la-tele-b9a138074a5b.mp3
Ils apprennent à utiliser internet.,ils-apprennent-a-utiliser-internet-33bd8054e999.mp3
J'ai reçu cent euros cette semaine.,j-ai-recu-cent-euros-cette-semaine-ebb31308cbd1.mp3
Je mange mon steak avec du ketchup.,je-mange-mon-steak-avec-du-ketchup-20f13b0052c3.mp3
Le squash est un sport de raquette.,le-squash-est-un-sport-de-raquette-fc7521fab8c5.mp3
Elle prépare le boeuf pour le repas.,elle-prepare-le-boeuf-pour-le-repas-bbf3a439ebb7.mp3
Elle travaille dans une association.,elle-travaille-dans-une-association-d062e06755de.mp3
Il s'est acheté un jean et un sweat.,il-s-est-achete-un-jean-et-un-sweat-7bc881150c3d.mp3
Ils voudraient acquérir un logement.,ils-voudraient-acquerir-un-logement-1974f1036f8b.mp3
Je compte jusqu'à soixante secondes.,je-compte-jusqu-a-soixante-secondes-842dd99440ed.mp3
Le meilleur a reçu la médaille d'or.,le-meilleur-a-recu-la-medaille-d-or-f88a6a07e98d.mp3
Le parc se situe près du vieux port.,le-parc-se-situe-pres-du-vieux-port-4eff82bd42d9.mp3
Respectez les consignes de sécurité.,respectez-les-consignes-de-securite-dc8b90e0d3a1.mp3
Elle a réservé une chambre à l'hotel.,elle-a-reserve-une-chambre-a-l-hotel-5d8a550f2c75.mp3
Elle s'occupe de la gestion du stock.,elle-s-occupe-de-la-gestion-du-stock-19b49069ea26.mp3
Il fait une sieste dans son fauteuil.,il-fait-une-sieste-dans-son-fauteuil-6f3224ab88a9.mp3
J'ai rendez-vous avec la psychologue.,j-ai-rendez-vous-avec-la-psychologue-8049abf89f35.mp3
Je cherche un logement pas trop cher.,je-cherche-un-logement-pas-trop-cher-7bb5a3f75e6a.mp3
Je lave mes vêtements tous les jours.,je-lave-mes-vetements-tous-les-jours-7da525af3344.mp3
Le plombier vient réparer le robinet.,le-plombier-vient-reparer-le-robinet-a652c0c025fe.mp3
Elle a reçu sa convocation à l'examen.,elle-a-recu-sa-convocation-a-l-examen-50f2b4ed55fb.mp3
Il fait ses exercices dans son cahier.,il-fait-ses-exercices-dans-son-cahier-dde59e9ccd47.mp3
Ils jouent au foot tous les dimanches.,ils-jouent-au-foot-tous-les-dimanches-9e1f6a1f4484.mp3
Je vais essayer la suggestion du jour.,je-vais-essayer-la-suggestion-du-jour-3a1eb6947542.mp3
Le colis doit partir avant lundi soir.,le-colis-doit-partir-avant-lundi-soir-f404ec8635bf.mp3
Elle efface le tableau avec un chiffon.,elle-efface-le-tableau-avec-un-chiffon-b5c485e315dc.mp3
Elle est bénévole dans une association.,elle-est-benevole-dans-une-association-3ffd1fe7ef02.mp3
Elle fait cuire les légumes à la poêle.,elle-fait-cuire-les-legumes-a-la-poele-1fa13b800391.mp3
Il utilise un marteau pour les travaux.,il-utilise-un-marteau-pour-les-travaux-54baa47a8521.mp3
Il y a plus de pièces dans ce logement.,il-y-a-plus-de-pieces-dans-ce-logement-6ec0f11f36e8.mp3
Il y a suffisamment d'eau dans le seau.,il-y-a-suffisamment-d-eau-dans-le-seau-4681dd02eda1.mp3
Il faut pratiquer une activité physique.,il-faut-pratiquer-une-activite-physique-8d3df9b70607.mp3
Je voudrais travailler dans le bâtiment.,je-voudrais-travailler-dans-le-batiment-3989e02acabf.mp3
La ville de Cayenne se trouve en Guyane.,la-ville-de-cayenne-se-trouve-en-guyane-6b520cafaf83.mp3
Le carton est dans le couloir de droite.,le-carton-est-dans-le-couloir-de-droite-98b77919dfbf.mp3
Mes lèvres sont sèches à cause du froid.,mes-levres-sont-seches-a-cause-du-froid-d257ce53ffbf.mp3
On met une majuscule en début de phrase.,on-met-une-majuscule-en-debut-de-phrase-4776e509e9e8.mp3
Elle doit mettre les bouteilles en rayon.,elle-doit-mettre-les-bouteilles-en-rayon-ca0cc2a6f6e9.mp3
Elle travaille à l'accueil de l'aquarium.,elle-travaille-a-l-accueil-de-l-aquarium-9a4444b4e229.mp3
J'ai besoin de peinture pour le chantier.,j-ai-besoin-de-peinture-pour-le-chantier-f7652ae3e4c5.mp3
Le hockey se joue sur glace ou sur gazon.,le-hockey-se-joue-sur-glace-ou-sur-gazon-2747dc3f0fa9.mp3
Il n'y a pas de connexion dans l'immeuble.,il-n-y-a-pas-de-connexion-dans-l-immeuble-7286adea3131.mp3
Il y a du wifi gratuit dans ce restaurant.,il-y-a-du-wifi-gratuit-dans-ce-restaurant-55d0da0f2db3.mp3
J'ai préparé des sandwichs pour le voyage.,j-ai-prepare-des-sandwichs-pour-le-voyage-8ac380e9f45c.mp3
Je vis dans un village de mille habitants.,je-vis-dans-un-village-de-mille-habitants-11c897477653.mp3
La Thaïlande est un pays très touristique.,la-thailande-est-un-pays-tres-touristique-72434c47050c.mp3
Elle se lave les cheveux avec du shampoing.,elle-se-lave-les-cheveux-avec-du-shampoing-cbffee4368a2.mp3
Je voudrais un rendez-vous s'il vous plait.,je-voudrais-un-rendez-vous-s-il-vous-plait-e89d0945a7a7.mp3
Ces abeilles butinent les fleurs de vanille.,ces-abeilles-butinent-les-fleurs-de-vanille-8c0fa3d3f228.mp3
Des milliers de gens défilent dans la ville.,des-milliers-de-gens-defilent-dans-la-ville-50cb7fb186d3.mp3
J'ai mis un gilet parce que je suis enrhumé.,j-ai-mis-un-gilet-parce-que-je-suis-enrhume-ea6634c747a4.mp3
Je connais toutes les lettres de l'alphabet.,je-connais-toutes-les-lettres-de-l-alphabet-7d4d8bbf937f.mp3
Je pars avec mon van en direction du volcan.,je-pars-avec-mon-van-en-direction-du-volcan-9e91caa06d89.mp3
Je travaille dans une imprimerie de tickets.,je-travaille-dans-une-imprimerie-de-tickets-1ab902fba867.mp3
La pharmacie se trouve en face de l'hôpital.,la-pharmacie-se-trouve-en-face-de-l-hopital-a0d9c93ad9c1.mp3
Le jaguar vit dans les forêts de l'équateur.,le-jaguar-vit-dans-les-forets-de-l-equateur-5b5c75416811.mp3
Mon travail c'est de balayer tout l'atelier.,mon-travail-c-est-de-balayer-tout-l-atelier-9b8dbe90a952.mp3
Elle a payé son inscription au cours de yoga.,elle-a-paye-son-inscription-au-cours-de-yoga-7df670d2e2ac.mp3
J'ai rendez-vous chez le docteur aujourd'hui.,j-ai-rendez-vous-chez-le-docteur-aujourd-hui-5f704536f178.mp3
L'ile de Mayotte est un département français.,l-ile-de-mayotte-est-un-departement-francais-794608fe5b76.mp3
La rougeole est une maladie très contagieuse.,la-rougeole-est-une-maladie-tres-contagieuse-ed4116507b1f.mp3
Le carreleur a posé la faïence de la cuisine.,le-carreleur-a-pose-la-faience-de-la-cuisine-58bf12a5ecbf.mp3
J'ai besoin d'une attestation s'il vous plait.,j-ai-besoin-d-une-attestation-s-il-vous-plait-ae59f687f6de.mp3
"Je n'ai pas mangé depuis longtemps, j'ai faim.",je-n-ai-pas-mange-depuis-longtemps-j-ai-faim-d5a74ec77e2b.mp3
Je peux prendre des photos avec mon téléphone.,je-peux-prendre-des-photos-avec-mon-telephone-f44fa8fd20fc.mp3
Les ouvriers ont posé le nouveau portail hier.,les-ouvriers-ont-pose-le-nouveau-portail-hier-7cdacda698e7.mp3
Attention à ne pas toucher la peinture fraiche.,attention-a-ne-pas-toucher-la-peinture-fraiche-e80524ba07c1.mp3
Les Seychelles se trouvent dans l'océan indien.,les-seychelles-se-trouvent-dans-l-ocean-indien-d5c63060df8c.mp3
C'est vingt-huit euros la nuit pour une chambre.,c-est-vingt-huit-euros-la-nuit-pour-une-chambre-ca72d1966146.mp3
La pharmacie se trouve à côté de la boulangerie.,la-pharmacie-se-trouve-a-cote-de-la-boulangerie-6786d0b5487f.mp3
Le wasabi est une sauce japonaise très piquante.,le-wasabi-est-une-sauce-japonaise-tres-piquante-d2ad483d9c83.mp3
Il a un arrêt de travail pour le mois de juillet.,il-a-un-arret-de-travail-pour-le-mois-de-juillet-ae6d14027191.mp3
N'oublie pas d'éteindre la lumière à l'extérieur.,n-oublie-pas-d-eteindre-la-lumiere-a-l-exterieur-caa06e028faa.mp3
Tous les syndicats appellent à manifester demain.,tous-les-syndicats-appellent-a-manifester-demain-4a8c74dd629e.mp3
Ce travail de barman me rapporte un salaire moyen.,ce-travail-de-barman-me-rapporte-un-salaire-moyen-efddc3ca611f.mp3
Beaucoup de gens se déguisent pour fêter Halloween.,beaucoup-de-gens-se-deguisent-pour-feter-halloween-99835e2c2fe1.mp3
Il y a eu un terrible tremblement de terre à Haïti.,il-y-a-eu-un-terrible-tremblement-de-terre-a-haiti-9666b4b7ebd7.mp3
Il y a eu un accident à l'entrée de l'agglomération.,il-y-a-eu-un-accident-a-l-entree-de-l-agglomeration-8a9e05564afe.mp3
Il y a plus de 700 iles dans la région des Caraïbes.,il-y-a-plus-de-700-iles-dans-la-region-des-caraibes-31ef6b32a2d6.mp3
Le drapeau bleu est un symbole de l'union européenne.,le-drapeau-bleu-est-un-symbole-de-l-union-europeenne-5829429f1c54.mp3
"Monsieur, je vous informe que j'ai un arrêt de travail.",monsieur-je-vous-informe-que-j-ai-un-arret-de-travail-f5b006bb2d5f.mp3
Hier j'ai dû tout nettoyer après le passage des ouvriers.,hier-j-ai-du-tout-nettoyer-apres-le-passage-des-ouvriers-ca8ba006cbf7.mp3
"Printemps, été, automne et hiver sont les quatre saisons.",printemps-ete-automne-et-hiver-sont-les-quatre-saisons-e107b6fdf208.mp3
Il prend un médicament pour soigner son allergie au pollen.,il-prend-un-medicament-pour-soigner-son-allergie-au-pollen-057540a1d578.mp3
